santa monica multi meeko embroidered tiered shirt dress,440.00,https://www.aliceandolivia.com/dw/image/v2/BFBS_PRD/on/demandware.static/-/Sites-masterCatalog_aando/default/dwb4ebefb1/hi-res/CC111P25507I020_01.jpg?sw=344&sh=460&q=100
bright poppy nelle embellished mini dress,495.00,https://www.aliceandolivia.com/dw/image/v2/BFBS_PRD/on/demandware.static/-/Sites-masterCatalog_aando/default/dweb01bc94/hi-res/CC111E31524G618_01.jpg?sw=344&sh=460&q=100
black barrett smocked mini dress,495.00,https://www.aliceandolivia.com/dw/image/v2/BFBS_PRD/on/demandware.static/-/Sites-masterCatalog_aando/default/dw682a0a85/hi-res/CC110B69617A001_01.jpg?sw=344&sh=460&q=100
midnight rose mina puff sleeve mini dress,440.00,https://www.aliceandolivia.com/dw/image/v2/BFBS_PRD/on/demandware.static/-/Sites-masterCatalog_aando/default/dwe73f143e/hi-res/CC110B41504S984_01.jpg?sw=344&sh=460&q=100
pink/black joanie tiered ruffle buttondown dress,595.00,https://www.aliceandolivia.com/dw/image/v2/BFBS_PRD/on/demandware.static/-/Sites-masterCatalog_aando/default/dw0b986e32/hi-res/CC110704515A654_01.jpg?sw=344&sh=460&q=100
wild pink metallic issa metallic turtleneck mini dress,395.00,https://www.aliceandolivia.com/dw/image/v2/BFBS_PRD/on/demandware.static/-/Sites-masterCatalog_aando/default/dwcd2b76e1/hi-res/CC110539701U681_01.jpg?sw=344&sh=460&q=100
black demi flutter sleeve mini dress,295.00,https://www.aliceandolivia.com/dw/image/v2/BFBS_PRD/on/demandware.static/-/Sites-masterCatalog_aando/default/dw67fb4cfd/hi-res/CC106A78519A001_01.jpg?sw=344&sh=460&q=100
gold foley dress,465.00,https://www.aliceandolivia.com/dw/image/v2/BFBS_PRD/on/demandware.static/-/Sites-masterCatalog_aando/default/dw12180a7b/hi-res/CC111N02519A742_01.jpg?sw=344&sh=460&q=100
black marsha ruched polo mini dress,250.00,https://www.aliceandolivia.com/dw/image/v2/BFBS_PRD/on/demandware.static/-/Sites-masterCatalog_aando/default/dwe402f5ad/hi-res/CL000W59501A001_01.jpg?sw=344&sh=460&q=100
rose harmony mini slip dress,295.00,https://www.aliceandolivia.com/dw/image/v2/BFBS_PRD/on/demandware.static/-/Sites-masterCatalog_aando/default/dw2e24c65a/hi-res/CC108205538PA661_01.jpg?sw=344&sh=460&q=100
love train mimi puff sleeve denim mini dress,350.00,https://www.aliceandolivia.com/dw/image/v2/BFBS_PRD/on/demandware.static/-/Sites-masterCatalog_aando/default/dwc4d9e5dc/hi-res/CD552403LVTD435_01.jpg?sw=344&sh=460&q=100
block art sunflower melvina tie front mini dress,375.00,https://www.aliceandolivia.com/dw/image/v2/BFBS_PRD/on/demandware.static/-/Sites-masterCatalog_aando/default/dwd90e87f1/hi-res/CC111P78550O701_01.jpg?sw=344&sh=460&q=100
vintage sugar mimi puff sleeve denim mini dress,350.00,https://www.aliceandolivia.com/dw/image/v2/BFBS_PRD/on/demandware.static/-/Sites-masterCatalog_aando/default/dw631cd9b5/hi-res/CD552311SGRD460_01.jpg?sw=344&sh=460&q=100
beach bliss sunflower glinda spaghetti strap dress,275.00,https://www.aliceandolivia.com/dw/image/v2/BFBS_PRD/on/demandware.static/-/Sites-masterCatalog_aando/default/dwc8002bbb/hi-res/CC111P48505G730_01.jpg?sw=344&sh=460&q=100
soft white yuna cable mini dress,440.00,https://www.aliceandolivia.com/dw/image/v2/BFBS_PRD/on/demandware.static/-/Sites-masterCatalog_aando/default/dw9b649fdd/hi-res/CC111526703B135_01.jpg?sw=344&sh=460&q=100
black jem vegan leather mini dress,330.00,https://www.aliceandolivia.com/dw/image/v2/BFBS_PRD/on/demandware.static/-/Sites-masterCatalog_aando/default/dw5a901f09/hi-res/CC110J16525A001_01.jpg?sw=344&sh=460&q=100
black/pink mabel belted mini dress,495.00,https://www.aliceandolivia.com/dw/image/v2/BFBS_PRD/on/demandware.static/-/Sites-masterCatalog_aando/default/dw26f9e5ef/hi-res/CC110086509Z692_01.jpg?sw=344&sh=460&q=100
soft white/black kitty puff sleeve sweater dress,660.00,https://www.aliceandolivia.com/dw/image/v2/BFBS_PRD/on/demandware.static/-/Sites-masterCatalog_aando/default/dw6586d412/hi-res/CC110546527B147_01.jpg?sw=344&sh=460&q=100
romance black cooper floral mini dress,440.00,https://www.aliceandolivia.com/dw/image/v2/BFBS_PRD/on/demandware.static/-/Sites-masterCatalog_aando/default/dwd23c3c56/hi-res/CC108P13504P013_01.jpg?sw=344&sh=460&q=100
romance almond crawford sweetheart mini dress,395.00,https://www.aliceandolivia.com/dw/image/v2/BFBS_PRD/on/demandware.static/-/Sites-masterCatalog_aando/default/dw12f526d9/hi-res/CC108P90545PT270_01.jpg?sw=344&sh=460&q=100
black vernita lace mini dress,595.00,https://www.aliceandolivia.com/dw/image/v2/BFBS_PRD/on/demandware.static/-/Sites-masterCatalog_aando/default/dweb6847ad/hi-res/CC110701519A001_01.jpg?sw=344&sh=460&q=100
black laurena embellished tie neck mini dress,595.00,https://www.aliceandolivia.com/dw/image/v2/BFBS_PRD/on/demandware.static/-/Sites-masterCatalog_aando/default/dwcaea68ee/hi-res/CC108019528A001_01.jpg?sw=344&sh=460&q=100
pink julie side zip mini dress,330.00,https://www.aliceandolivia.com/dw/image/v2/BFBS_PRD/on/demandware.static/-/Sites-masterCatalog_aando/default/dw8c4f1ed2/hi-res/CL000213501A650_01.jpg?sw=344&sh=460&q=100
off white harmony mini slip dress,295.00,https://www.aliceandolivia.com/dw/image/v2/BFBS_PRD/on/demandware.static/-/Sites-masterCatalog_aando/default/dw751b8442/hi-res/CC000205526A127_01.jpg?sw=344&sh=460&q=100
santa monica multi delora fitted midi dress,350.00,https://www.aliceandolivia.com/dw/image/v2/BFBS_PRD/on/demandware.static/-/Sites-masterCatalog_aando/default/dw02a2b504/hi-res/CC111P36508I020_01.jpg?sw=344&sh=460&q=100
dark emerald harmony drapey slip midi dress,395.00,https://www.aliceandolivia.com/dw/image/v2/BFBS_PRD/on/demandware.static/-/Sites-masterCatalog_aando/default/dw208d40c0/hi-res/CC107Q08520I301_01.jpg?sw=344&sh=460&q=100
off white harmony drapey slip midi dress,395.00,https://www.aliceandolivia.com/dw/image/v2/BFBS_PRD/on/demandware.static/-/Sites-masterCatalog_aando/default/dwe68de773/hi-res/CC111205548RA127_01.jpg?sw=344&sh=460&q=100
off white/black inka open back midi dress,350.00,https://www.aliceandolivia.com/dw/image/v2/BFBS_PRD/on/demandware.static/-/Sites-masterCatalog_aando/default/dw35c5f36f/hi-res/CC109302529B110_01.jpg?sw=344&sh=460&q=100
black rowen leopard midi dress,595.00,https://www.aliceandolivia.com/dw/image/v2/BFBS_PRD/on/demandware.static/-/Sites-masterCatalog_aando/default/dw2619ba78/hi-res/CC110B10518A001_01.jpg?sw=344&sh=460&q=100
waterfall harmony drapey slip midi dress,395.00,https://www.aliceandolivia.com/dw/image/v2/BFBS_PRD/on/demandware.static/-/Sites-masterCatalog_aando/default/dwbdccacad/hi-res/CC109205536RM406_01.jpg?sw=344&sh=460&q=100
midnight rose christina floral high low dress,440.00,https://www.aliceandolivia.com/dw/image/v2/BFBS_PRD/on/demandware.static/-/Sites-masterCatalog_aando/default/dw17f0e501/hi-res/CC110B41533S984_01.jpg?sw=344&sh=460&q=100
black steph halter neck fringe dress,375.00,https://www.aliceandolivia.com/dw/image/v2/BFBS_PRD/on/demandware.static/-/Sites-masterCatalog_aando/default/dw13619f38/hi-res/CC107W51513A001_01.jpg?sw=344&sh=460&q=100
almond harmony drapey slip midi dress,395.00,https://www.aliceandolivia.com/dw/image/v2/BFBS_PRD/on/demandware.static/-/Sites-masterCatalog_aando/default/dw9e6979d6/hi-res/CC109205536RC213_01.jpg?sw=344&sh=460&q=100
freedom plaid black/charcoal julietta plaid midi slip dress,440.00,https://www.aliceandolivia.com/dw/image/v2/BFBS_PRD/on/demandware.static/-/Sites-masterCatalog_aando/default/dw927e8058/hi-res/CC109P17507M014_01.jpg?sw=344&sh=460&q=100
sunflower harmony mini slip dress,295.00,https://www.aliceandolivia.com/dw/image/v2/BFBS_PRD/on/demandware.static/-/Sites-masterCatalog_aando/default/dw1b2cc967/hi-res/CC111205543A734_01.jpg?sw=344&sh=460&q=100
black janna lace up polo dress,440.00,https://www.aliceandolivia.com/dw/image/v2/BFBS_PRD/on/demandware.static/-/Sites-masterCatalog_aando/default/dwa1082f42/hi-res/CC109513701A001_01.jpg?sw=344&sh=460&q=100
azure/black opal lace handkerchief dress,695.00,https://www.aliceandolivia.com/dw/image/v2/BFBS_PRD/on/demandware.static/-/Sites-masterCatalog_aando/default/dw91ee93b1/hi-res/CC109703523J430_01.jpg?sw=344&sh=460&q=100
black mcguire lace ruffle midi dress,550.00,https://www.aliceandolivia.com/dw/image/v2/BFBS_PRD/on/demandware.static/-/Sites-masterCatalog_aando/default/dw78875584/hi-res/CC108023518A001_01.jpg?sw=344&sh=460&q=100
black/multi joss floral high low gown,995.00,https://www.aliceandolivia.com/dw/image/v2/BFBS_PRD/on/demandware.static/-/Sites-masterCatalog_aando/default/dw4f4673c8/hi-res/CG110Q53505C019_01.jpg?sw=344&sh=460&q=100
black alcina button down polo dress,395.00,https://www.aliceandolivia.com/dw/image/v2/BFBS_PRD/on/demandware.static/-/Sites-masterCatalog_aando/default/dw7e061e63/hi-res/CL000534727A001_01.jpg?sw=344&sh=460&q=100
deep ruby dorinda off the shoulder midi dress,330.00,https://www.aliceandolivia.com/dw/image/v2/BFBS_PRD/on/demandware.static/-/Sites-masterCatalog_aando/default/dwe7fe4475/hi-res/CC109302514E623_01.jpg?sw=344&sh=460&q=100
romance black imogene floral midi dress,595.00,https://www.aliceandolivia.com/dw/image/v2/BFBS_PRD/on/demandware.static/-/Sites-masterCatalog_aando/default/dw9a2a98ea/hi-res/CC108P02509P013_01.jpg?sw=344&sh=460&q=100
black julietta midi slip dress,395.00,https://www.aliceandolivia.com/dw/image/v2/BFBS_PRD/on/demandware.static/-/Sites-masterCatalog_aando/default/dw5a2dbbc2/hi-res/CC109084512A001_01.jpg?sw=344&sh=460&q=100
multi arya embroidered midi gown dress,895.00,https://www.aliceandolivia.com/dw/image/v2/BFBS_PRD/on/demandware.static/-/Sites-masterCatalog_aando/default/dw62bcde12/hi-res/CC108D13525A960_01.jpg?sw=344&sh=460&q=100
almond leandra vegan leather midi dress,440.00,https://www.aliceandolivia.com/dw/image/v2/BFBS_PRD/on/demandware.static/-/Sites-masterCatalog_aando/default/dwfdf54927/hi-res/CC108J16523C213_01.jpg?sw=344&sh=460&q=100
black delora fitted midi dress,295.00,https://www.aliceandolivia.com/dw/image/v2/BFBS_PRD/on/demandware.static/-/Sites-masterCatalog_aando/default/dwb213e7c2/hi-res/CL000073508A001_01.jpg?sw=344&sh=460&q=100
textured leopard delora fitted mock neck dress,285.00,https://www.aliceandolivia.com/dw/image/v2/BFBS_PRD/on/demandware.static/-/Sites-masterCatalog_aando/default/dw70769fba/hi-res/CC905P85550PU960_01.jpg?sw=344&sh=460&q=100
textured leopard delora fitted mock neck midi dress,330.00,https://www.aliceandolivia.com/dw/image/v2/BFBS_PRD/on/demandware.static/-/Sites-masterCatalog_aando/default/dwbb3e6a9f/hi-res/CC808P58552RU960_01.jpg?sw=344&sh=460&q=100
beach bliss sunflower jordana tieneck blouse,350.00,https://www.aliceandolivia.com/dw/image/v2/BFBS_PRD/on/demandware.static/-/Sites-masterCatalog_aando/default/dwd120173f/hi-res/CC111B01003G730_01.jpg?sw=344&sh=460&q=100
breeze jeannie cap sleeve bow blouse,275.00,https://www.aliceandolivia.com/dw/image/v2/BFBS_PRD/on/demandware.static/-/Sites-masterCatalog_aando/default/dwa9c4b28d/hi-res/CL000010008P440_01.jpg?sw=344&sh=460&q=100
black/off white willa placket top,295.00,https://www.aliceandolivia.com/dw/image/v2/BFBS_PRD/on/demandware.static/-/Sites-masterCatalog_aando/default/dw884eaa25/hi-res/CL000023003G980_01.jpg?sw=344&sh=460&q=100
off white/black zina button down neck tie blouse,330.00,https://www.aliceandolivia.com/dw/image/v2/BFBS_PRD/on/demandware.static/-/Sites-masterCatalog_aando/default/dw9b1be2a6/hi-res/CL000082006B110_01.jpg?sw=344&sh=460&q=100
off white cici bubble sleeve top,265.00,https://www.aliceandolivia.com/dw/image/v2/BFBS_PRD/on/demandware.static/-/Sites-masterCatalog_aando/default/dw38b179b7/hi-res/CC111087012A127_01.jpg?sw=344&sh=460&q=100
pink serena balloon sleeve silk blouse,330.00,https://www.aliceandolivia.com/dw/image/v2/BFBS_PRD/on/demandware.static/-/Sites-masterCatalog_aando/default/dwd51ddeeb/hi-res/CC110010028A650_01.jpg?sw=344&sh=460&q=100
santa monica off white multi april embroidered floral blouse,375.00,https://www.aliceandolivia.com/dw/image/v2/BFBS_PRD/on/demandware.static/-/Sites-masterCatalog_aando/default/dw595ab630/hi-res/CC111P44007U111_01.jpg?sw=344&sh=460&q=100
santa monica multi april embroidered floral blouse,375.00,https://www.aliceandolivia.com/dw/image/v2/BFBS_PRD/on/demandware.static/-/Sites-masterCatalog_aando/default/dwdafd81ee/hi-res/CC111P20006I020_01.jpg?sw=344&sh=460&q=100
bengal willa placket top,295.00,https://www.aliceandolivia.com/dw/image/v2/BFBS_PRD/on/demandware.static/-/Sites-masterCatalog_aando/default/dw0a0a8519/hi-res/CC112P16001Q620_01.jpg?sw=344&sh=460&q=100
bengal ciara bengal embellished pullover,440.00,https://www.aliceandolivia.com/dw/image/v2/BFBS_PRD/on/demandware.static/-/Sites-masterCatalog_aando/default/dw04530f81/hi-res/CC111S58744Q620_01.jpg?sw=344&sh=460&q=100
sunflower lyra braid strap tunic top,195.00,https://www.aliceandolivia.com/dw/image/v2/BFBS_PRD/on/demandware.static/-/Sites-masterCatalog_aando/default/dwbc3e585d/hi-res/CC111082009A734_01.jpg?sw=344&sh=460&q=100
wild pink willa scrunched sleeve blouse,295.00,https://www.aliceandolivia.com/dw/image/v2/BFBS_PRD/on/demandware.static/-/Sites-masterCatalog_aando/default/dwe6369c89/hi-res/CC108012035J681_01.jpg?sw=344&sh=460&q=100
urban medallion vicky paisley blouse,350.00,https://www.aliceandolivia.com/dw/image/v2/BFBS_PRD/on/demandware.static/-/Sites-masterCatalog_aando/default/dw0b5eac6f/hi-res/CC109P25006T430_01.jpg?sw=344&sh=460&q=100
poodles black willa placket top,295.00,https://www.aliceandolivia.com/dw/image/v2/BFBS_PRD/on/demandware.static/-/Sites-masterCatalog_aando/default/dw5dc47ee1/hi-res/CC110P30005D036_01.jpg?sw=344&sh=460&q=100
pug party willa placket top,295.00,https://www.aliceandolivia.com/dw/image/v2/BFBS_PRD/on/demandware.static/-/Sites-masterCatalog_aando/default/dwd1135c43/hi-res/CC111P15001O440_01.jpg?sw=344&sh=460&q=100
dream castle clarabelle tie front blouse,295.00,https://www.aliceandolivia.com/dw/image/v2/BFBS_PRD/on/demandware.static/-/Sites-masterCatalog_aando/default/dw6afc1ecc/hi-res/CC108P15001J018_01.jpg?sw=344&sh=460&q=100
black laurette ruffle button front blouse,395.00,https://www.aliceandolivia.com/dw/image/v2/BFBS_PRD/on/demandware.static/-/Sites-masterCatalog_aando/default/dw4a7fd9b8/hi-res/CC110B10011A001_01.jpg?sw=344&sh=460&q=100
block art sunflower serena mandarin collar blouse,375.00,https://www.aliceandolivia.com/dw/image/v2/BFBS_PRD/on/demandware.static/-/Sites-masterCatalog_aando/default/dwcedb4c41/hi-res/CC111P77032O701_01.jpg?sw=344&sh=460&q=100
upstate scroll deep ruby serena mandarin collar blouse,350.00,https://www.aliceandolivia.com/dw/image/v2/BFBS_PRD/on/demandware.static/-/Sites-masterCatalog_aando/default/dw00d6c57d/hi-res/CC109B19021J601_01.jpg?sw=344&sh=460&q=100
aqua shondra blouse,295.00,https://www.aliceandolivia.com/dw/image/v2/BFBS_PRD/on/demandware.static/-/Sites-masterCatalog_aando/default/dwf465c462/hi-res/CC111042011Z442_01.jpg?sw=344&sh=460&q=100
black livia tie halter top,195.00,https://www.aliceandolivia.com/dw/image/v2/BFBS_PRD/on/demandware.static/-/Sites-masterCatalog_aando/default/dwcc927ee4/hi-res/CC110J16029PA001_01.jpg?sw=344&sh=460&q=100
poodles pink willa placket top,295.00,https://www.aliceandolivia.com/dw/image/v2/BFBS_PRD/on/demandware.static/-/Sites-masterCatalog_aando/default/dw163d10cb/hi-res/CC110P30005H682_01.jpg?sw=344&sh=460&q=100
silver/gunmetal lucinda sequin asymmetrical top,350.00,https://www.aliceandolivia.com/dw/image/v2/BFBS_PRD/on/demandware.static/-/Sites-masterCatalog_aando/default/dwa1a22494/hi-res/CC110E54015C049_01.jpg?sw=344&sh=460&q=100
chelsea palace willa blouson sleeve top,350.00,https://www.aliceandolivia.com/dw/image/v2/BFBS_PRD/on/demandware.static/-/Sites-masterCatalog_aando/default/dwa2bca173/hi-res/CC109P49004S013_01.jpg?sw=344&sh=460&q=100
black olivia vegan leather bootcut pant,295.00,https://www.aliceandolivia.com/dw/image/v2/BFBS_PRD/on/demandware.static/-/Sites-masterCatalog_aando/default/dw695740f1/hi-res/CC109J16105A001_01.jpg?sw=344&sh=460&q=100
sunflower dylan high waisted wide leg pant,295.00,https://www.aliceandolivia.com/dw/image/v2/BFBS_PRD/on/demandware.static/-/Sites-masterCatalog_aando/default/dw17960ad9/hi-res/CC111202104A734_01.jpg?sw=344&sh=460&q=100
bright poppy dylan high waisted wide leg pant,295.00,https://www.aliceandolivia.com/dw/image/v2/BFBS_PRD/on/demandware.static/-/Sites-masterCatalog_aando/default/dwa49a7987/hi-res/CC111202104G618_01.jpg?sw=344&sh=460&q=100
golden rod dylan high waisted wide leg pant,295.00,https://www.aliceandolivia.com/dw/image/v2/BFBS_PRD/on/demandware.static/-/Sites-masterCatalog_aando/default/dw47bb6c8a/hi-res/CC109202109D711_07.jpg?sw=344&sh=460&q=100
sunflower/black eric vegan leather snake print pant,395.00,https://www.aliceandolivia.com/dw/image/v2/BFBS_PRD/on/demandware.static/-/Sites-masterCatalog_aando/default/dwaf955edc/hi-res/CC111I01108B734_01.jpg?sw=344&sh=460&q=100
off white marshall high rise leather bell pant,285.00,https://www.aliceandolivia.com/dw/image/v2/BFBS_PRD/on/demandware.static/-/Sites-masterCatalog_aando/default/dw39566890/hi-res/CL000J16117A127_01.jpg?sw=344&sh=460&q=100
black dylan high waisted wide leg pant,330.00,https://www.aliceandolivia.com/dw/image/v2/BFBS_PRD/on/demandware.static/-/Sites-masterCatalog_aando/default/dw9905015c/hi-res/CL000213105A001_01.jpg?sw=344&sh=460&q=100
black peter asymmetrical side tab pant,295.00,https://www.aliceandolivia.com/dw/image/v2/BFBS_PRD/on/demandware.static/-/Sites-masterCatalog_aando/default/dwdea38366/hi-res/CC111203103A001_01.jpg?sw=344&sh=460&q=100
black front zip leather legging,798.00,https://www.aliceandolivia.com/dw/image/v2/BFBS_PRD/on/demandware.static/-/Sites-masterCatalog_aando/default/dw33808cf6/hi-res/C000124264A001_01.jpg?sw=344&sh=460&q=100
midnight blue amazing high rise girlfriend jean,295.00,https://www.aliceandolivia.com/dw/image/v2/BFBS_PRD/on/demandware.static/-/Sites-masterCatalog_aando/default/dwa96356ef/hi-res/CD432200MNBB401_01.jpg?sw=344&sh=460&q=100
cheeky blues good high rise skinny jean,265.00,https://www.aliceandolivia.com/dw/image/v2/BFBS_PRD/on/demandware.static/-/Sites-masterCatalog_aando/default/dw95b62f16/hi-res/CD348301CHBF476_01.jpg?sw=344&sh=460&q=100
acid black jenny vegan leather combo jean,330.00,https://www.aliceandolivia.com/dw/image/v2/BFBS_PRD/on/demandware.static/-/Sites-masterCatalog_aando/default/dw98b1881d/hi-res/CD761102DYAC064_01.jpg?sw=344&sh=460&q=100
black mikah single button leather pant,995.00,https://www.aliceandolivia.com/dw/image/v2/BFBS_PRD/on/demandware.static/-/Sites-masterCatalog_aando/default/dw73af1d7c/hi-res/CD000343101A001_01.jpg?sw=344&sh=460&q=100
black amazing high rise girlfriend jean,295.00,https://www.aliceandolivia.com/dw/image/v2/BFBS_PRD/on/demandware.static/-/Sites-masterCatalog_aando/default/dw86c87b49/hi-res/CD432204DYRA001_01.jpg?sw=344&sh=460&q=100
love train beautiful high rise bell,295.00,https://www.aliceandolivia.com/dw/image/v2/BFBS_PRD/on/demandware.static/-/Sites-masterCatalog_aando/default/dw502a519a/hi-res/CD114301LVTD435_01.jpg?sw=344&sh=460&q=100
white dylan high waisted wide leg pant,295.00,https://www.aliceandolivia.com/dw/image/v2/BFBS_PRD/on/demandware.static/-/Sites-masterCatalog_aando/default/dw62927250/hi-res/CW000202105A100_01.jpg?sw=344&sh=460&q=100
black maddox side zip leather legging,795.00,https://www.aliceandolivia.com/dw/image/v2/BFBS_PRD/on/demandware.static/-/Sites-masterCatalog_aando/default/dw8f36a5b2/hi-res/CC000104105A001_01.jpg?sw=344&sh=460&q=100
black dylan high waisted wide leg pant,295.00,https://www.aliceandolivia.com/dw/image/v2/BFBS_PRD/on/demandware.static/-/Sites-masterCatalog_aando/default/dw230e5c94/hi-res/CW000202105A001_01.jpg?sw=344&sh=460&q=100
black maddox vegan latex legging,195.00,https://www.aliceandolivia.com/dw/image/v2/BFBS_PRD/on/demandware.static/-/Sites-masterCatalog_aando/default/dwda0b8d49/hi-res/CL000J29109A001_01.jpg?sw=344&sh=460&q=100
camel maddox vegan latex legging,195.00,https://www.aliceandolivia.com/dw/image/v2/BFBS_PRD/on/demandware.static/-/Sites-masterCatalog_aando/default/dwcf223297/hi-res/CL000J29109Z940_01.jpg?sw=344&sh=460&q=100
aqua russell high waist pant,295.00,https://www.aliceandolivia.com/dw/image/v2/BFBS_PRD/on/demandware.static/-/Sites-masterCatalog_aando/default/dw571a0fe5/hi-res/CC111006105Z442_01.jpg?sw=344&sh=460&q=100
silver metallic charlize metallic wide leg pant,350.00,https://www.aliceandolivia.com/dw/image/v2/BFBS_PRD/on/demandware.static/-/Sites-masterCatalog_aando/default/dwe8158bd7/hi-res/CC110539719A040_01.jpg?sw=344&sh=460&q=100
romance black athena floral wide leg pant,350.00,https://www.aliceandolivia.com/dw/image/v2/BFBS_PRD/on/demandware.static/-/Sites-masterCatalog_aando/default/dw72f00707/hi-res/CC108P09102P013_01.jpg?sw=344&sh=460&q=100
charcoal / black mason vegan leather tie pant,350.00,https://www.aliceandolivia.com/dw/image/v2/BFBS_PRD/on/demandware.static/-/Sites-masterCatalog_aando/default/dw268d129e/hi-res/CL000R07102A018_01.jpg?sw=344&sh=460&q=100